utc_time,elapsed_sec,trajectory_elapsed_sec,sample_visible,tracking_started,rebuilt_trajectory,target_elapsed_sec,ideal_target_elapsed_sec,az_deg,el_deg,raw_x_angle_deg,raw_y_angle_deg,cmd_x_angle_deg,cmd_y_angle_deg,raw_dx_deg,raw_dy_deg,cmd_dx_deg,cmd_dy_deg,x_vel_deg_per_s,y_vel_deg_per_s,x_acc_deg_per_s2,y_acc_deg_per_s2,cmd_x_vel_ff_deg_per_s,cmd_y_vel_ff_deg_per_s,x_control_mode,x_input_mode,y_control_mode,y_input_mode,x_controller_vel_limit,y_controller_vel_limit,x_pos_gain,x_vel_gain,x_vel_integrator_gain,y_pos_gain,y_vel_gain,y_vel_integrator_gain,x_traj_vel_limit,x_traj_accel_limit,x_traj_decel_limit,y_traj_vel_limit,y_traj_accel_limit,y_traj_decel_limit,x_actual_deg,y_actual_deg,x_cmd_error_deg,y_cmd_error_deg,x_traj_error_deg,y_traj_error_deg,capture_error_deg,status
2026-03-25T00:21:26.664331+00:00,0.010731,0.000000,0,0,1,0.010731,0.010731,308.665084,0.000051,89.999934,38.665084,89.999934,38.665084,0.000000,0.000000,0.000000,0.000000,0.000000,0.000000,0.000000,0.000000,0.000000,0.000000,3,5,3,5,100.000000,100.000000,50.000000,0.150000,1.000000,50.000000,0.150000,1.000000,50.000000,100.000000,100.000000,50.000000,100.000000,100.000000,0.014050,-3.695512,89.985884,42.360597,90.363625,42.515489,89.985884,Prepointing rise in 4.8 s
2026-03-25T00:21:26.729291+00:00,0.075687,0.064956,0,0,0,0.075687,0.075687,308.665084,0.000051,89.999934,38.665084,89.999934,38.665084,0.000000,0.000000,0.000000,0.000000,0.000000,0.000000,0.000000,0.000000,0.000000,0.000000,3,5,3,5,100.000000,100.000000,50.000000,0.150000,1.000000,50.000000,0.150000,1.000000,50.000000,100.000000,100.000000,50.000000,100.000000,100.000000,0.014608,-3.694740,89.985327,42.359824,90.357975,42.512660,89.985327,Prepointing rise in 4.7 s
2026-03-25T00:21:26.761065+00:00,0.107460,0.096729,0,0,0,0.107460,0.107460,308.665084,0.000051,89.999934,38.665084,89.999934,38.665084,0.000000,0.000000,0.000000,0.000000,0.000000,0.000000,0.000000,0.000000,0.000000,0.000000,3,5,3,5,100.000000,100.000000,50.000000,0.150000,1.000000,50.000000,0.150000,1.000000,50.000000,100.000000,100.000000,50.000000,100.000000,100.000000,0.041430,-3.686972,89.958504,42.352056,90.328662,42.503886,89.958504,Prepointing rise in 4.7 s
2026-03-25T00:21:26.790532+00:00,0.136929,0.126198,0,0,0,0.136929,0.136929,308.665084,0.000051,89.999934,38.665084,89.999934,38.665084,0.000000,0.000000,0.000000,0.000000,0.000000,0.000000,0.000000,0.000000,0.000000,0.000000,3,5,3,5,100.000000,100.000000,50.000000,0.150000,1.000000,50.000000,0.150000,1.000000,50.000000,100.000000,100.000000,50.000000,100.000000,100.000000,0.118635,-3.599124,89.881300,42.264209,90.249146,42.415104,89.881300,Prepointing rise in 4.7 s
2026-03-25T00:21:26.820553+00:00,0.166948,0.156217,0,0,0,0.166948,0.166948,308.665084,0.000051,89.999934,38.665084,89.999934,38.665084,0.000000,0.000000,0.000000,0.000000,0.000000,0.000000,0.000000,0.000000,0.000000,0.000000,3,5,3,5,100.000000,100.000000,50.000000,0.150000,1.000000,50.000000,0.150000,1.000000,50.000000,100.000000,100.000000,50.000000,100.000000,100.000000,0.176098,-3.542433,89.823836,42.207517,90.189329,42.357462,89.823836,Prepointing rise in 4.6 s
2026-03-25T00:21:26.845322+00:00,0.191719,0.180988,0,0,0,0.191719,0.191719,308.665084,0.000051,89.999934,38.665084,89.999934,38.665084,0.000000,0.000000,0.000000,0.000000,0.000000,0.000000,0.000000,0.000000,0.000000,0.000000,3,5,3,5,100.000000,100.000000,50.000000,0.150000,1.000000,50.000000,0.150000,1.000000,50.000000,100.000000,100.000000,50.000000,100.000000,100.000000,0.284974,-3.439007,89.714960,42.104092,90.078510,42.253251,89.714960,Prepointing rise in 4.6 s
2026-03-25T00:21:26.871616+00:00,0.218011,0.207280,0,0,0,0.218011,0.218011,308.665084,0.000051,89.999934,38.665084,89.999934,38.665084,0.000000,0.000000,0.000000,0.000000,0.000000,0.000000,0.000000,0.000000,0.000000,0.000000,3,5,3,5,100.000000,100.000000,50.000000,0.150000,1.000000,50.000000,0.150000,1.000000,50.000000,100.000000,100.000000,50.000000,100.000000,100.000000,0.449898,-3.263741,89.550036,41.928825,89.911524,42.077151,89.550036,Prepointing rise in 4.6 s
2026-03-25T00:21:26.915910+00:00,0.262305,0.251574,0,0,0,0.262305,0.262305,308.665084,0.000051,89.999934,38.665084,89.999934,38.665084,0.000000,0.000000,0.000000,0.000000,0.000000,0.000000,0.000000,0.000000,0.000000,0.000000,3,5,3,5,100.000000,100.000000,50.000000,0.150000,1.000000,50.000000,0.150000,1.000000,50.000000,100.000000,100.000000,50.000000,100.000000,100.000000,0.650699,-3.041654,89.349235,41.706738,89.707249,41.853660,89.349235,Prepointing rise in 4.5 s
2026-03-25T00:21:26.941618+00:00,0.288003,0.277272,0,0,0,0.288003,0.288003,308.665084,0.000051,89.999934,38.665084,89.999934,38.665084,0.000000,0.000000,0.000000,0.000000,0.000000,0.000000,0.000000,0.000000,0.000000,0.000000,3,5,3,5,100.000000,100.000000,50.000000,0.150000,1.000000,50.000000,0.150000,1.000000,50.000000,100.000000,100.000000,50.000000,100.000000,100.000000,0.739534,-2.906943,89.260401,41.572027,89.616399,41.718133,89.260401,Prepointing rise in 4.5 s
2026-03-25T00:21:26.967991+00:00,0.314385,0.303654,0,0,0,0.314385,0.314385,308.665084,0.000051,89.999934,38.665084,89.999934,38.665084,0.000000,0.000000,0.000000,0.000000,0.000000,0.000000,0.000000,0.000000,0.000000,0.000000,3,5,3,5,100.000000,100.000000,50.000000,0.150000,1.000000,50.000000,0.150000,1.000000,50.000000,100.000000,100.000000,50.000000,100.000000,100.000000,0.946514,-2.766910,89.053420,41.431994,89.407349,41.577263,89.053420,Prepointing rise in 4.5 s
2026-03-25T00:21:26.996213+00:00,0.342603,0.331872,0,0,0,0.342603,0.342603,308.665084,0.000051,89.999934,38.665084,89.999934,38.665084,0.000000,0.000000,0.000000,0.000000,0.000000,0.000000,0.000000,0.000000,0.000000,0.000000,3,5,3,5,100.000000,100.000000,50.000000,0.150000,1.000000,50.000000,0.150000,1.000000,50.000000,100.000000,100.000000,50.000000,100.000000,100.000000,1.359660,-2.334109,88.640274,40.999193,88.991989,41.143566,88.640274,Prepointing rise in 4.5 s
2026-03-25T00:21:27.040152+00:00,0.386543,0.375812,0,0,0,0.386543,0.386543,308.665084,0.000051,89.999934,38.665084,89.999934,38.665084,0.000000,0.000000,0.000000,0.000000,0.000000,0.000000,0.000000,0.000000,0.000000,0.000000,3,5,3,5,100.000000,100.000000,50.000000,0.150000,1.000000,50.000000,0.150000,1.000000,50.000000,100.000000,100.000000,50.000000,100.000000,100.000000,1.606209,-2.090307,88.393725,40.755391,88.741993,40.898369,88.393725,Prepointing rise in 4.4 s
2026-03-25T00:21:27.065300+00:00,0.411689,0.400958,0,0,0,0.411689,0.411689,308.665084,0.000051,89.999934,38.665084,89.999934,38.665084,0.000000,0.000000,0.000000,0.000000,0.000000,0.000000,0.000000,0.000000,0.000000,0.000000,3,5,3,5,100.000000,100.000000,50.000000,0.150000,1.000000,50.000000,0.150000,1.000000,50.000000,100.000000,100.000000,50.000000,100.000000,100.000000,1.890910,-1.826892,88.109025,40.491977,88.455320,40.634157,88.109025,Prepointing rise in 4.4 s
2026-03-25T00:21:27.095000+00:00,0.441389,0.430658,0,0,0,0.441389,0.441389,308.665084,0.000051,89.999934,38.665084,89.999934,38.665084,0.000000,0.000000,0.000000,0.000000,0.000000,0.000000,0.000000,0.000000,0.000000,0.000000,3,5,3,5,100.000000,100.000000,50.000000,0.150000,1.000000,50.000000,0.150000,1.000000,50.000000,100.000000,100.000000,50.000000,100.000000,100.000000,2.161705,-1.542192,87.838229,40.207276,88.182194,40.348513,87.838229,Prepointing rise in 4.4 s
2026-03-25T00:21:27.123382+00:00,0.469771,0.459040,0,0,0,0.469771,0.469771,308.665084,0.000051,89.999934,38.665084,89.999934,38.665084,0.000000,0.000000,0.000000,0.000000,0.000000,0.000000,0.000000,0.000000,0.000000,0.000000,3,5,3,5,100.000000,100.000000,50.000000,0.150000,1.000000,50.000000,0.150000,1.000000,50.000000,100.000000,100.000000,50.000000,100.000000,100.000000,2.415206,-1.281524,87.584728,39.946608,87.926466,40.086943,87.584728,Prepointing rise in 4.3 s
2026-03-25T00:21:27.150785+00:00,0.497168,0.486437,0,0,0,0.497168,0.497168,308.665084,0.000051,89.999934,38.665084,89.999934,38.665084,0.000000,0.000000,0.000000,0.000000,0.000000,0.000000,0.000000,0.000000,0.000000,0.000000,3,5,3,5,100.000000,100.000000,50.000000,0.150000,1.000000,50.000000,0.150000,1.000000,50.000000,100.000000,100.000000,50.000000,100.000000,100.000000,2.693941,-1.007638,87.305993,39.672723,87.645581,39.812187,87.305993,Prepointing rise in 4.3 s
2026-03-25T00:21:27.178637+00:00,0.525013,0.514282,0,0,0,0.525013,0.525013,308.665084,0.000051,89.999934,38.665084,89.999934,38.665084,0.000000,0.000000,0.000000,0.000000,0.000000,0.000000,0.000000,0.000000,0.000000,0.000000,3,5,3,5,100.000000,100.000000,50.000000,0.150000,1.000000,50.000000,0.150000,1.000000,50.000000,100.000000,100.000000,50.000000,100.000000,100.000000,2.940705,-0.762377,87.059230,39.427461,87.396633,39.566041,87.059230,Prepointing rise in 4.3 s
2026-03-25T00:21:27.206162+00:00,0.552549,0.541818,0,0,0,0.552549,0.552549,308.665084,0.000051,89.999934,38.665084,89.999934,38.665084,0.000000,0.000000,0.000000,0.000000,0.000000,0.000000,0.000000,0.000000,0.000000,0.000000,3,5,3,5,100.000000,100.000000,50.000000,0.150000,1.000000,50.000000,0.150000,1.000000,50.000000,100.000000,100.000000,50.000000,100.000000,100.000000,3.152234,-0.505100,86.847700,39.170184,87.182942,39.307888,86.847700,Prepointing rise in 4.3 s
2026-03-25T00:21:27.232187+00:00,0.578558,0.567827,0,0,0,0.578558,0.578558,308.665084,0.000051,89.999934,38.665084,89.999934,38.665084,0.000000,0.000000,0.000000,0.000000,0.000000,0.000000,0.000000,0.000000,0.000000,0.000000,3,5,3,5,100.000000,100.000000,50.000000,0.150000,1.000000,50.000000,0.150000,1.000000,50.000000,100.000000,100.000000,50.000000,100.000000,100.000000,3.636577,0.005507,86.363357,38.659577,86.696558,38.796454,86.363357,Prepointing rise in 4.2 s
2026-03-25T00:21:27.286826+00:00,0.633211,0.622480,0,0,0,0.633211,0.633211,308.665084,0.000051,89.999934,38.665084,89.999934,38.665084,0.000000,0.000000,0.000000,0.000000,0.000000,0.000000,0.000000,0.000000,0.000000,0.000000,3,5,3,5,100.000000,100.000000,50.000000,0.150000,1.000000,50.000000,0.150000,1.000000,50.000000,100.000000,100.000000,50.000000,100.000000,100.000000,3.873641,0.249309,86.126293,38.415775,86.455204,38.550913,86.126293,Prepointing rise in 4.2 s
2026-03-25T00:21:27.313641+00:00,0.660026,0.649295,0,0,0,0.660026,0.660026,308.665084,0.000051,89.999934,38.665084,89.999934,38.665084,0.000000,0.000000,0.000000,0.000000,0.000000,0.000000,0.000000,0.000000,0.000000,0.000000,3,5,3,5,100.000000,100.000000,50.000000,0.150000,1.000000,50.000000,0.150000,1.000000,50.000000,100.000000,100.000000,50.000000,100.000000,100.000000,4.117744,0.496888,85.882191,38.168197,86.208997,38.302481,85.882191,Prepointing rise in 4.1 s
2026-03-25T00:21:27.341276+00:00,0.687635,0.676904,0,0,0,0.687635,0.687635,308.665084,0.000051,89.999934,38.665084,89.999934,38.665084,0.000000,0.000000,0.000000,0.000000,0.000000,0.000000,0.000000,0.000000,0.000000,0.000000,3,5,3,5,100.000000,100.000000,50.000000,0.150000,1.000000,50.000000,0.150000,1.000000,50.000000,100.000000,100.000000,50.000000,100.000000,100.000000,4.359143,0.748672,85.640792,37.916412,85.965431,38.049818,85.640792,Prepointing rise in 4.1 s
2026-03-25T00:21:27.366589+00:00,0.712972,0.702241,0,0,0,0.712972,0.712972,308.665084,0.000051,89.999934,38.665084,89.999934,38.665084,0.000000,0.000000,0.000000,0.000000,0.000000,0.000000,0.000000,0.000000,0.000000,0.000000,3,5,3,5,100.000000,100.000000,50.000000,0.150000,1.000000,50.000000,0.150000,1.000000,50.000000,100.000000,100.000000,50.000000,100.000000,100.000000,4.597194,0.988225,85.402740,37.676859,85.725390,37.809458,85.402740,Prepointing rise in 4.1 s
2026-03-25T00:21:27.418792+00:00,0.765173,0.000000,0,0,1,0.765173,0.765173,308.665084,0.000051,89.999934,38.665084,89.999934,38.665084,0.000000,0.000000,0.000000,0.000000,0.000000,0.000000,0.000000,0.000000,0.000000,0.000000,3,5,3,5,100.000000,100.000000,50.000000,0.150000,1.000000,50.000000,0.150000,1.000000,50.000000,100.000000,100.000000,50.000000,100.000000,100.000000,5.150201,1.533164,84.849733,37.131920,85.168283,37.262856,84.849733,Prepointing rise in 4.0 s
2026-03-25T00:21:27.456369+00:00,0.802727,0.037553,0,0,0,0.802727,0.802727,308.665084,0.000051,89.999934,38.665084,89.999934,38.665084,0.000000,0.000000,0.000000,0.000000,0.000000,0.000000,0.000000,0.000000,0.000000,0.000000,3,5,3,5,100.000000,100.000000,50.000000,0.150000,1.000000,50.000000,0.150000,1.000000,50.000000,100.000000,100.000000,50.000000,100.000000,100.000000,5.387523,1.785936,84.612411,36.879148,84.928013,37.008888,84.612411,Prepointing rise in 4.0 s
2026-03-25T00:21:27.484009+00:00,0.830386,0.065213,0,0,0,0.830386,0.830386,308.665084,0.000051,89.999934,38.665084,89.999934,38.665084,0.000000,0.000000,0.000000,0.000000,0.000000,0.000000,0.000000,0.000000,0.000000,0.000000,3,5,3,5,100.000000,100.000000,50.000000,0.150000,1.000000,50.000000,0.150000,1.000000,50.000000,100.000000,100.000000,50.000000,100.000000,100.000000,5.674369,2.085528,84.325565,36.579556,84.638994,36.708415,84.325565,Prepointing rise in 4.0 s
2026-03-25T00:21:27.517795+00:00,0.864173,0.098999,0,0,0,0.864173,0.864173,308.665084,0.000051,89.999934,38.665084,89.999934,38.665084,0.000000,0.000000,0.000000,0.000000,0.000000,0.000000,0.000000,0.000000,0.000000,0.000000,3,5,3,5,100.000000,100.000000,50.000000,0.150000,1.000000,50.000000,0.150000,1.000000,50.000000,100.000000,100.000000,50.000000,100.000000,100.000000,5.912421,2.338900,84.087514,36.326184,84.398290,36.453965,84.087514,Prepointing rise in 3.9 s
2026-03-25T00:21:27.544743+00:00,0.891114,0.125940,0,0,0,0.891114,0.891114,308.665084,0.000051,89.999934,38.665084,89.999934,38.665084,0.000000,0.000000,0.000000,0.000000,0.000000,0.000000,0.000000,0.000000,0.000000,0.000000,3,5,3,5,100.000000,100.000000,50.000000,0.150000,1.000000,50.000000,0.150000,1.000000,50.000000,100.000000,100.000000,50.000000,100.000000,100.000000,6.141202,2.609438,83.858732,36.055646,84.167392,36.182568,83.858732,Prepointing rise in 3.9 s
2026-03-25T00:21:27.572893+00:00,0.919269,0.154096,0,0,0,0.919269,0.919269,308.665084,0.000051,89.999934,38.665084,89.999934,38.665084,0.000000,0.000000,0.000000,0.000000,0.000000,0.000000,0.000000,0.000000,0.000000,0.000000,3,5,3,5,100.000000,100.000000,50.000000,0.150000,1.000000,50.000000,0.150000,1.000000,50.000000,100.000000,100.000000,50.000000,100.000000,100.000000,6.365263,2.862167,83.634671,35.802917,83.941120,35.928942,83.634671,Prepointing rise in 3.9 s
2026-03-25T00:21:27.600848+00:00,0.947221,0.182047,0,0,0,0.947221,0.947221,308.665084,0.000051,89.999934,38.665084,89.999934,38.665084,0.000000,0.000000,0.000000,0.000000,0.000000,0.000000,0.000000,0.000000,0.000000,0.000000,3,5,3,5,100.000000,100.000000,50.000000,0.150000,1.000000,50.000000,0.150000,1.000000,50.000000,100.000000,100.000000,50.000000,100.000000,100.000000,6.620910,3.146739,83.379024,35.518346,83.683278,35.643478,83.379024,Prepointing rise in 3.9 s
2026-03-25T00:21:27.630548+00:00,0.976919,0.211746,0,0,0,0.976919,0.976919,308.665084,0.000051,89.999934,38.665084,89.999934,38.665084,0.000000,0.000000,0.000000,0.000000,0.000000,0.000000,0.000000,0.000000,0.000000,0.000000,3,5,3,5,100.000000,100.000000,50.000000,0.150000,1.000000,50.000000,0.150000,1.000000,50.000000,100.000000,100.000000,50.000000,100.000000,100.000000,6.875012,3.421955,83.124923,35.243130,83.426843,35.367315,83.124923,Prepointing rise in 3.8 s
2026-03-25T00:21:27.658120+00:00,1.004492,0.239319,0,0,0,1.004492,1.004492,308.665084,0.000051,89.999934,38.665084,89.999934,38.665084,0.000000,0.000000,0.000000,0.000000,0.000000,0.000000,0.000000,0.000000,0.000000,0.000000,3,5,3,5,100.000000,100.000000,50.000000,0.150000,1.000000,50.000000,0.150000,1.000000,50.000000,100.000000,100.000000,50.000000,100.000000,100.000000,7.131817,3.685240,82.868117,34.979844,83.167872,35.103149,82.868117,Prepointing rise in 3.8 s
2026-03-25T00:21:27.687017+00:00,1.033389,0.268216,0,0,0,1.033389,1.033389,308.665084,0.000051,89.999934,38.665084,89.999934,38.665084,0.000000,0.000000,0.000000,0.000000,0.000000,0.000000,0.000000,0.000000,0.000000,0.000000,3,5,3,5,100.000000,100.000000,50.000000,0.150000,1.000000,50.000000,0.150000,1.000000,50.000000,100.000000,100.000000,50.000000,100.000000,100.000000,7.397463,3.956809,82.602471,34.708276,82.899956,34.830658,82.602471,Prepointing rise in 3.8 s
2026-03-25T00:21:27.717997+00:00,1.064369,0.299195,0,0,0,1.064369,1.064369,308.665084,0.000051,89.999934,38.665084,89.999934,38.665084,0.000000,0.000000,0.000000,0.000000,0.000000,0.000000,0.000000,0.000000,0.000000,0.000000,3,5,3,5,100.000000,100.000000,50.000000,0.150000,1.000000,50.000000,0.150000,1.000000,50.000000,100.000000,100.000000,50.000000,100.000000,100.000000,7.663710,4.222111,82.336224,34.442973,82.631275,34.564366,82.336224,Prepointing rise in 3.7 s
2026-03-25T00:21:27.748637+00:00,1.095006,0.329833,0,0,0,1.095006,1.095006,308.665084,0.000051,89.999934,38.665084,89.999934,38.665084,0.000000,0.000000,0.000000,0.000000,0.000000,0.000000,0.000000,0.000000,0.000000,0.000000,3,5,3,5,100.000000,100.000000,50.000000,0.150000,1.000000,50.000000,0.150000,1.000000,50.000000,100.000000,100.000000,50.000000,100.000000,100.000000,7.931888,4.506640,82.068046,34.158444,82.360690,34.278859,82.068046,Prepointing rise in 3.7 s
2026-03-25T00:21:27.774570+00:00,1.120937,0.355764,0,0,0,1.120937,1.120937,308.665084,0.000051,89.999934,38.665084,89.999934,38.665084,0.000000,0.000000,0.000000,0.000000,0.000000,0.000000,0.000000,0.000000,0.000000,0.000000,3,5,3,5,100.000000,100.000000,50.000000,0.150000,1.000000,50.000000,0.150000,1.000000,50.000000,100.000000,100.000000,50.000000,100.000000,100.000000,8.158395,4.739756,81.841539,33.925328,82.132146,34.044914,81.841539,Prepointing rise in 3.7 s
2026-03-25T00:21:27.800794+00:00,1.147166,0.381992,0,0,0,1.147166,1.147166,308.665084,0.000051,89.999934,38.665084,89.999934,38.665084,0.000000,0.000000,0.000000,0.000000,0.000000,0.000000,0.000000,0.000000,0.000000,0.000000,3,5,3,5,100.000000,100.000000,50.000000,0.150000,1.000000,50.000000,0.150000,1.000000,50.000000,100.000000,100.000000,50.000000,100.000000,100.000000,8.401296,4.973859,81.598638,33.691225,81.887184,33.809973,81.598638,Prepointing rise in 3.7 s
2026-03-25T00:21:27.825523+00:00,1.171893,0.406720,0,0,0,1.171893,1.171893,308.665084,0.000051,89.999934,38.665084,89.999934,38.665084,0.000000,0.000000,0.000000,0.000000,0.000000,0.000000,0.000000,0.000000,0.000000,0.000000,3,5,3,5,100.000000,100.000000,50.000000,0.150000,1.000000,50.000000,0.150000,1.000000,50.000000,100.000000,100.000000,50.000000,100.000000,100.000000,8.681319,5.258474,81.318616,33.406610,81.605218,33.524568,81.318616,Prepointing rise in 3.6 s
2026-03-25T00:21:27.856917+00:00,1.203283,0.438109,0,0,0,1.203283,1.203283,308.665084,0.000051,89.999934,38.665084,89.999934,38.665084,0.000000,0.000000,0.000000,0.000000,0.000000,0.000000,0.000000,0.000000,0.000000,0.000000,3,5,3,5,100.000000,100.000000,50.000000,0.150000,1.000000,50.000000,0.150000,1.000000,50.000000,100.000000,100.000000,50.000000,100.000000,100.000000,8.916108,5.515537,81.083826,33.149547,81.367962,33.266502,81.083826,Prepointing rise in 3.6 s
2026-03-25T00:21:27.885120+00:00,1.231490,0.466317,0,0,0,1.231490,1.231490,308.665084,0.000051,89.999934,38.665084,89.999934,38.665084,0.000000,0.000000,0.000000,0.000000,0.000000,0.000000,0.000000,0.000000,0.000000,0.000000,3,5,3,5,100.000000,100.000000,50.000000,0.150000,1.000000,50.000000,0.150000,1.000000,50.000000,100.000000,100.000000,50.000000,100.000000,100.000000,9.166219,5.788779,80.833715,32.876305,81.115634,32.992358,80.833715,Prepointing rise in 3.6 s
2026-03-25T00:21:27.913197+00:00,1.259553,0.494379,0,0,0,1.259553,1.259553,308.665084,0.000051,89.999934,38.665084,89.999934,38.665084,0.000000,0.000000,0.000000,0.000000,0.000000,0.000000,0.000000,0.000000,0.000000,0.000000,3,5,3,5,100.000000,100.000000,50.000000,0.150000,1.000000,50.000000,0.150000,1.000000,50.000000,100.000000,100.000000,50.000000,100.000000,100.000000,9.383671,6.021895,80.616263,32.643189,80.895976,32.758344,80.616263,Prepointing rise in 3.5 s
2026-03-25T00:21:27.938880+00:00,1.285244,0.520071,0,0,0,1.285244,1.285244,308.665084,0.000051,89.999934,38.665084,89.999934,38.665084,0.000000,0.000000,0.000000,0.000000,0.000000,0.000000,0.000000,0.000000,0.000000,0.000000,3,5,3,5,100.000000,100.000000,50.000000,0.150000,1.000000,50.000000,0.150000,1.000000,50.000000,100.000000,100.000000,50.000000,100.000000,100.000000,9.606187,6.245741,80.393747,32.419343,80.671441,32.533676,80.393747,Prepointing rise in 3.5 s
2026-03-25T00:21:27.965026+00:00,1.311393,0.546219,0,0,0,1.311393,1.311393,308.665084,0.000051,89.999934,38.665084,89.999934,38.665084,0.000000,0.000000,0.000000,0.000000,0.000000,0.000000,0.000000,0.000000,0.000000,0.000000,3,5,3,5,100.000000,100.000000,50.000000,0.150000,1.000000,50.000000,0.150000,1.000000,50.000000,100.000000,100.000000,50.000000,100.000000,100.000000,9.852264,6.503705,80.147671,32.161379,80.423309,32.274875,80.147671,Prepointing rise in 3.5 s
2026-03-25T00:21:27.990742+00:00,1.337094,0.571921,0,0,0,1.337094,1.337094,308.665084,0.000051,89.999934,38.665084,89.999934,38.665084,0.000000,0.000000,0.000000,0.000000,0.000000,0.000000,0.000000,0.000000,0.000000,0.000000,3,5,3,5,100.000000,100.000000,50.000000,0.150000,1.000000,50.000000,0.150000,1.000000,50.000000,100.000000,100.000000,50.000000,100.000000,100.000000,10.083835,6.740856,79.916099,31.924229,80.189718,32.036902,79.916099,Prepointing rise in 3.5 s
2026-03-25T00:21:28.018461+00:00,1.364816,0.599642,0,0,0,1.364816,1.364816,308.665084,0.000051,89.999934,38.665084,89.999934,38.665084,0.000000,0.000000,0.000000,0.000000,0.000000,0.000000,0.000000,0.000000,0.000000,0.000000,3,5,3,5,100.000000,100.000000,50.000000,0.150000,1.000000,50.000000,0.150000,1.000000,50.000000,100.000000,100.000000,50.000000,100.000000,100.000000,10.308454,6.947579,79.691480,31.717505,79.962919,31.829291,79.691480,Prepointing rise in 3.4 s
2026-03-25T00:21:28.042531+00:00,1.388886,0.623712,0,0,0,1.388886,1.388886,308.665084,0.000051,89.999934,38.665084,89.999934,38.665084,0.000000,0.000000,0.000000,0.000000,0.000000,0.000000,0.000000,0.000000,0.000000,0.000000,3,5,3,5,100.000000,100.000000,50.000000,0.150000,1.000000,50.000000,0.150000,1.000000,50.000000,100.000000,100.000000,50.000000,100.000000,100.000000,10.526636,7.168378,79.473299,31.496706,79.742846,31.607721,79.473299,Prepointing rise in 3.4 s
2026-03-25T00:21:28.067285+00:00,1.413649,0.648475,0,0,0,1.413649,1.413649,308.665084,0.000051,89.999934,38.665084,89.999934,38.665084,0.000000,0.000000,0.000000,0.000000,0.000000,0.000000,0.000000,0.000000,0.000000,0.000000,3,5,3,5,100.000000,100.000000,50.000000,0.150000,1.000000,50.000000,0.150000,1.000000,50.000000,100.000000,100.000000,50.000000,100.000000,100.000000,10.753357,7.404799,79.246577,31.260285,79.514177,31.370507,79.246577,Prepointing rise in 3.4 s
2026-03-25T00:21:28.093840+00:00,1.440194,0.675021,0,0,0,1.440194,1.440194,308.665084,0.000051,89.999934,38.665084,89.999934,38.665084,0.000000,0.000000,0.000000,0.000000,0.000000,0.000000,0.000000,0.000000,0.000000,0.000000,3,5,3,5,100.000000,100.000000,50.000000,0.150000,1.000000,50.000000,0.150000,1.000000,50.000000,100.000000,100.000000,50.000000,100.000000,100.000000,10.984199,7.643194,79.015735,31.021891,79.281248,31.131262,79.015735,Prepointing rise in 3.4 s
2026-03-25T00:21:28.121241+00:00,1.467603,0.702430,0,0,0,1.467603,1.467603,308.665084,0.000051,89.999934,38.665084,89.999934,38.665084,0.000000,0.000000,0.000000,0.000000,0.000000,0.000000,0.000000,0.000000,0.000000,0.000000,3,5,3,5,100.000000,100.000000,50.000000,0.150000,1.000000,50.000000,0.150000,1.000000,50.000000,100.000000,100.000000,50.000000,100.000000,100.000000,11.241648,7.910943,78.758286,30.754142,79.021644,30.862635,78.758286,Prepointing rise in 3.3 s
2026-03-25T00:21:28.149938+00:00,1.496299,0.731126,0,0,0,1.496299,1.496299,308.665084,0.000051,89.999934,38.665084,89.999934,38.665084,0.000000,0.000000,0.000000,0.000000,0.000000,0.000000,0.000000,0.000000,0.000000,0.000000,3,5,3,5,100.000000,100.000000,50.000000,0.150000,1.000000,50.000000,0.150000,1.000000,50.000000,100.000000,100.000000,50.000000,100.000000,100.000000,11.486695,8.174657,78.513240,30.490427,78.774341,30.598001,78.513240,Prepointing rise in 3.3 s
2026-03-25T00:21:28.176088+00:00,1.522448,0.000000,0,0,1,1.522448,1.522448,308.665084,0.000051,89.999934,38.665084,89.999934,38.665084,0.000000,0.000000,0.000000,0.000000,0.000000,0.000000,0.000000,0.000000,0.000000,0.000000,3,5,3,5,100.000000,100.000000,50.000000,0.150000,1.000000,50.000000,0.150000,1.000000,50.000000,100.000000,100.000000,50.000000,100.000000,100.000000,11.815941,8.548407,78.183993,30.116677,78.443036,30.223412,78.183993,Prepointing rise in 3.3 s
2026-03-25T00:21:28.215359+00:00,1.561716,0.039268,0,0,0,1.561716,1.561716,308.665084,0.000051,89.999934,38.665084,89.999934,38.665084,0.000000,0.000000,0.000000,0.000000,0.000000,0.000000,0.000000,0.000000,0.000000,0.000000,3,5,3,5,100.000000,100.000000,50.000000,0.150000,1.000000,50.000000,0.150000,1.000000,50.000000,100.000000,100.000000,50.000000,100.000000,100.000000,12.029230,8.776717,77.970704,29.888368,78.226659,29.993843,77.970704,Prepointing rise in 3.2 s
2026-03-25T00:21:28.265286+00:00,1.611643,0.089195,0,0,0,1.611643,1.611643,308.665084,0.000051,89.999934,38.665084,89.999934,38.665084,0.000000,0.000000,0.000000,0.000000,0.000000,0.000000,0.000000,0.000000,0.000000,0.000000,3,5,3,5,100.000000,100.000000,50.000000,0.150000,1.000000,50.000000,0.150000,1.000000,50.000000,100.000000,100.000000,50.000000,100.000000,100.000000,12.462289,9.267196,77.537645,29.397888,77.789673,29.501762,77.537645,Prepointing rise in 3.2 s
2026-03-25T00:21:28.292385+00:00,1.638743,0.116295,0,0,0,1.638743,1.638743,308.665084,0.000051,89.999934,38.665084,89.999934,38.665084,0.000000,0.000000,0.000000,0.000000,0.000000,0.000000,0.000000,0.000000,0.000000,0.000000,3,5,3,5,100.000000,100.000000,50.000000,0.150000,1.000000,50.000000,0.150000,1.000000,50.000000,100.000000,100.000000,50.000000,100.000000,100.000000,12.702958,9.516234,77.296976,29.148850,77.546872,29.251855,77.296976,Prepointing rise in 3.2 s
2026-03-25T00:21:28.319598+00:00,1.665954,0.143506,0,0,0,1.665954,1.665954,308.665084,0.000051,89.999934,38.665084,89.999934,38.665084,0.000000,0.000000,0.000000,0.000000,0.000000,0.000000,0.000000,0.000000,0.000000,0.000000,3,5,3,5,100.000000,100.000000,50.000000,0.150000,1.000000,50.000000,0.150000,1.000000,50.000000,100.000000,100.000000,50.000000,100.000000,100.000000,12.958948,9.775228,77.040986,28.889856,77.288742,28.991987,77.040986,Prepointing rise in 3.1 s
2026-03-25T00:21:28.347382+00:00,1.693730,0.171282,0,0,0,1.693730,1.693730,308.665084,0.000051,89.999934,38.665084,89.999934,38.665084,0.000000,0.000000,0.000000,0.000000,0.000000,0.000000,0.000000,0.000000,0.000000,0.000000,3,5,3,5,100.000000,100.000000,50.000000,0.150000,1.000000,50.000000,0.150000,1.000000,50.000000,100.000000,100.000000,50.000000,100.000000,100.000000,13.185842,10.007143,76.814092,28.657942,77.059664,28.759181,76.814092,Prepointing rise in 3.1 s
2026-03-25T00:21:28.373058+00:00,1.719412,0.196964,0,0,0,1.719412,1.719412,308.665084,0.000051,89.999934,38.665084,89.999934,38.665084,0.000000,0.000000,0.000000,0.000000,0.000000,0.000000,0.000000,0.000000,0.000000,0.000000,3,5,3,5,100.000000,100.000000,50.000000,0.150000,1.000000,50.000000,0.150000,1.000000,50.000000,100.000000,100.000000,50.000000,100.000000,100.000000,13.426297,10.251202,76.573638,28.413882,76.817188,28.514297,76.573638,Prepointing rise in 3.1 s
2026-03-25T00:21:28.398609+00:00,1.744958,0.222510,0,0,0,1.744958,1.744958,308.665084,0.000051,89.999934,38.665084,89.999934,38.665084,0.000000,0.000000,0.000000,0.000000,0.000000,0.000000,0.000000,0.000000,0.000000,0.000000,3,5,3,5,100.000000,100.000000,50.000000,0.150000,1.000000,50.000000,0.150000,1.000000,50.000000,100.000000,100.000000,50.000000,100.000000,100.000000,13.654263,10.487408,76.345671,28.177676,76.587212,28.277270,76.345671,Prepointing rise in 3.1 s
2026-03-25T00:21:28.425248+00:00,1.771600,0.249152,0,0,0,1.771600,1.771600,308.665084,0.000051,89.999934,38.665084,89.999934,38.665084,0.000000,0.000000,0.000000,0.000000,0.000000,0.000000,0.000000,0.000000,0.000000,0.000000,3,5,3,5,100.000000,100.000000,50.000000,0.150000,1.000000,50.000000,0.150000,1.000000,50.000000,100.000000,100.000000,50.000000,100.000000,100.000000,13.930423,10.773181,76.069511,27.891903,76.308956,27.990641,76.069511,Prepointing rise in 3.0 s
2026-03-25T00:21:28.455191+00:00,1.801544,0.279096,0,0,0,1.801544,1.801544,308.665084,0.000051,89.999934,38.665084,89.999934,38.665084,0.000000,0.000000,0.000000,0.000000,0.000000,0.000000,0.000000,0.000000,0.000000,0.000000,3,5,3,5,100.000000,100.000000,50.000000,0.150000,1.000000,50.000000,0.150000,1.000000,50.000000,100.000000,100.000000,50.000000,100.000000,100.000000,14.181778,11.026382,75.818156,27.638702,76.055245,27.736478,75.818156,Prepointing rise in 3.0 s
2026-03-25T00:21:28.481986+00:00,1.828335,0.305887,0,0,0,1.828335,1.828335,308.665084,0.000051,89.999934,38.665084,89.999934,38.665084,0.000000,0.000000,0.000000,0.000000,0.000000,0.000000,0.000000,0.000000,0.000000,0.000000,3,5,3,5,100.000000,100.000000,50.000000,0.150000,1.000000,50.000000,0.150000,1.000000,50.000000,100.000000,100.000000,50.000000,100.000000,100.000000,14.467509,11.313657,75.532426,27.351427,75.767406,27.448342,75.532426,Prepointing rise in 3.0 s
2026-03-25T00:21:28.528700+00:00,1.875047,0.352599,0,0,0,1.875047,1.875047,308.665084,0.000051,89.999934,38.665084,89.999934,38.665084,0.000000,0.000000,0.000000,0.000000,0.000000,0.000000,0.000000,0.000000,0.000000,0.000000,3,5,3,5,100.000000,100.000000,50.000000,0.150000,1.000000,50.000000,0.150000,1.000000,50.000000,100.000000,100.000000,50.000000,100.000000,100.000000,14.852631,11.732082,75.147303,26.933002,75.378608,27.028415,75.147303,Prepointing rise in 2.9 s
2026-03-25T00:21:28.559051+00:00,1.905401,0.382953,0,0,0,1.905401,1.905401,308.665084,0.000051,89.999934,38.665084,89.999934,38.665084,0.000000,0.000000,0.000000,0.000000,0.000000,0.000000,0.000000,0.000000,0.000000,0.000000,3,5,3,5,100.000000,100.000000,50.000000,0.150000,1.000000,50.000000,0.150000,1.000000,50.000000,100.000000,100.000000,50.000000,100.000000,100.000000,15.118921,12.010045,74.881014,26.655040,75.109929,26.749476,74.881014,Prepointing rise in 2.9 s
2026-03-25T00:21:28.590225+00:00,1.936563,0.414115,0,0,0,1.936563,1.936563,308.665084,0.000051,89.999934,38.665084,89.999934,38.665084,0.000000,0.000000,0.000000,0.000000,0.000000,0.000000,0.000000,0.000000,0.000000,0.000000,3,5,3,5,100.000000,100.000000,50.000000,0.150000,1.000000,50.000000,0.150000,1.000000,50.000000,100.000000,100.000000,50.000000,100.000000,100.000000,15.367915,12.269768,74.632019,26.395316,74.858482,26.488750,74.632019,Prepointing rise in 2.9 s
2026-03-25T00:21:28.617612+00:00,1.963958,0.441510,0,0,0,1.963958,1.963958,308.665084,0.000051,89.999934,38.665084,89.999934,38.665084,0.000000,0.000000,0.000000,0.000000,0.000000,0.000000,0.000000,0.000000,0.000000,0.000000,3,5,3,5,100.000000,100.000000,50.000000,0.150000,1.000000,50.000000,0.150000,1.000000,50.000000,100.000000,100.000000,50.000000,100.000000,100.000000,15.840113,12.724928,74.159821,25.940156,74.384128,26.032709,74.159821,Prepointing rise in 2.8 s
2026-03-25T00:21:28.673461+00:00,2.019803,0.497355,0,0,0,2.019803,2.019803,308.665084,0.000051,89.999934,38.665084,89.999934,38.665084,0.000000,0.000000,0.000000,0.000000,0.000000,0.000000,0.000000,0.000000,0.000000,0.000000,3,5,3,5,100.000000,100.000000,50.000000,0.150000,1.000000,50.000000,0.150000,1.000000,50.000000,100.000000,100.000000,50.000000,100.000000,100.000000,16.123097,13.017611,73.876838,25.647473,74.096748,25.738228,73.876838,Prepointing rise in 2.8 s
2026-03-25T00:21:28.704580+00:00,2.050920,0.528472,0,0,0,2.050920,2.050920,308.665084,0.000051,89.999934,38.665084,89.999934,38.665084,0.000000,0.000000,0.000000,0.000000,0.000000,0.000000,0.000000,0.000000,0.000000,0.000000,3,5,3,5,100.000000,100.000000,50.000000,0.150000,1.000000,50.000000,0.150000,1.000000,50.000000,100.000000,100.000000,50.000000,100.000000,100.000000,16.378872,13.280982,73.621062,25.384102,73.838523,25.473855,73.621062,Prepointing rise in 2.8 s
2026-03-25T00:21:28.732441+00:00,2.078787,0.556339,0,0,0,2.078787,2.078787,308.665084,0.000051,89.999934,38.665084,89.999934,38.665084,0.000000,0.000000,0.000000,0.000000,0.000000,0.000000,0.000000,0.000000,0.000000,0.000000,3,5,3,5,100.000000,100.000000,50.000000,0.150000,1.000000,50.000000,0.150000,1.000000,50.000000,100.000000,100.000000,50.000000,100.000000,100.000000,16.656921,13.570575,73.343014,25.094509,73.558281,25.183365,73.343014,Prepointing rise in 2.7 s
2026-03-25T00:21:28.762814+00:00,2.109148,0.586700,0,0,0,2.109148,2.109148,308.665084,0.000051,89.999934,38.665084,89.999934,38.665084,0.000000,0.000000,0.000000,0.000000,0.000000,0.000000,0.000000,0.000000,0.000000,0.000000,3,5,3,5,100.000000,100.000000,50.000000,0.150000,1.000000,50.000000,0.150000,1.000000,50.000000,100.000000,100.000000,50.000000,100.000000,100.000000,16.930635,13.860812,73.069300,24.804273,73.282176,24.892150,73.069300,Prepointing rise in 2.7 s
2026-03-25T00:21:28.795332+00:00,2.141663,0.619215,0,0,0,2.141663,2.141663,308.665084,0.000051,89.999934,38.665084,89.999934,38.665084,0.000000,0.000000,0.000000,0.000000,0.000000,0.000000,0.000000,0.000000,0.000000,0.000000,3,5,3,5,100.000000,100.000000,50.000000,0.150000,1.000000,50.000000,0.150000,1.000000,50.000000,100.000000,100.000000,50.000000,100.000000,100.000000,17.186153,14.126329,72.813782,24.538755,73.024098,24.625585,72.813782,Prepointing rise in 2.7 s
2026-03-25T00:21:28.822798+00:00,2.169122,0.646674,0,0,0,2.169122,2.169122,308.665084,0.000051,89.999934,38.665084,89.999934,38.665084,0.000000,0.000000,0.000000,0.000000,0.000000,0.000000,0.000000,0.000000,0.000000,0.000000,3,5,3,5,100.000000,100.000000,50.000000,0.150000,1.000000,50.000000,0.150000,1.000000,50.000000,100.000000,100.000000,50.000000,100.000000,100.000000,17.443001,14.410171,72.556933,24.254913,72.765087,24.340858,72.556933,Prepointing rise in 2.6 s
2026-03-25T00:21:28.851429+00:00,2.197770,0.675322,0,0,0,2.197770,2.197770,308.665084,0.000051,89.999934,38.665084,89.999934,38.665084,0.000000,0.000000,0.000000,0.000000,0.000000,0.000000,0.000000,0.000000,0.000000,0.000000,3,5,3,5,100.000000,100.000000,50.000000,0.150000,1.000000,50.000000,0.150000,1.000000,50.000000,100.000000,100.000000,50.000000,100.000000,100.000000,17.662685,14.642128,72.337250,24.022956,72.543148,24.107976,72.337250,Prepointing rise in 2.6 s
2026-03-25T00:21:28.878978+00:00,2.225319,0.702871,0,0,0,2.225319,2.225319,308.665084,0.000051,89.999934,38.665084,89.999934,38.665084,0.000000,0.000000,0.000000,0.000000,0.000000,0.000000,0.000000,0.000000,0.000000,0.000000,3,5,3,5,100.000000,100.000000,50.000000,0.150000,1.000000,50.000000,0.150000,1.000000,50.000000,100.000000,100.000000,50.000000,100.000000,100.000000,17.889707,14.916229,72.110227,23.748855,72.313956,23.832988,72.110227,Prepointing rise in 2.6 s
2026-03-25T00:21:28.907352+00:00,2.253689,0.731241,0,0,0,2.253689,2.253689,308.665084,0.000051,89.999934,38.665084,89.999934,38.665084,0.000000,0.000000,0.000000,0.000000,0.000000,0.000000,0.000000,0.000000,0.000000,0.000000,3,5,3,5,100.000000,100.000000,50.000000,0.150000,1.000000,50.000000,0.150000,1.000000,50.000000,100.000000,100.000000,50.000000,100.000000,100.000000,18.124711,15.169429,71.875223,23.495655,72.076717,23.578872,71.875223,Prepointing rise in 2.6 s
2026-03-25T00:21:28.933796+00:00,2.280135,0.000000,0,0,1,2.280135,2.280135,308.665084,0.000051,89.999934,38.665084,89.999934,38.665084,0.000000,0.000000,0.000000,0.000000,0.000000,0.000000,0.000000,0.000000,0.000000,0.000000,3,5,3,5,100.000000,100.000000,50.000000,0.150000,1.000000,50.000000,0.150000,1.000000,50.000000,100.000000,100.000000,50.000000,100.000000,100.000000,18.495757,15.559058,71.504177,23.106027,71.703587,23.188390,71.504177,Prepointing rise in 2.5 s
2026-03-25T00:21:28.976439+00:00,2.322776,0.042641,0,0,0,2.322776,2.322776,308.665084,0.000051,89.999934,38.665084,89.999934,38.665084,0.000000,0.000000,0.000000,0.000000,0.000000,0.000000,0.000000,0.000000,0.000000,0.000000,3,5,3,5,100.000000,100.000000,50.000000,0.150000,1.000000,50.000000,0.150000,1.000000,50.000000,100.000000,100.000000,50.000000,100.000000,100.000000,18.743336,15.813245,71.256598,22.851839,71.452649,22.932826,71.256598,Prepointing rise in 2.5 s
2026-03-25T00:21:29.007364+00:00,2.353701,0.073566,0,0,0,2.353701,2.353701,308.665084,0.000051,89.999934,38.665084,89.999934,38.665084,0.000000,0.000000,0.000000,0.000000,0.000000,0.000000,0.000000,0.000000,0.000000,0.000000,3,5,3,5,100.000000,100.000000,50.000000,0.150000,1.000000,50.000000,0.150000,1.000000,50.000000,100.000000,100.000000,50.000000,100.000000,100.000000,19.003060,16.076960,70.996875,22.588124,71.190489,22.668113,70.996875,Prepointing rise in 2.5 s
2026-03-25T00:21:29.032749+00:00,2.379086,0.098951,0,0,0,2.379086,2.379086,308.665084,0.000051,89.999934,38.665084,89.999934,38.665084,0.000000,0.000000,0.000000,0.000000,0.000000,0.000000,0.000000,0.000000,0.000000,0.000000,3,5,3,5,100.000000,100.000000,50.000000,0.150000,1.000000,50.000000,0.150000,1.000000,50.000000,100.000000,100.000000,50.000000,100.000000,100.000000,19.264543,16.335568,70.735391,22.329516,70.927006,22.408685,70.735391,Prepointing rise in 2.4 s
2026-03-25T00:21:29.061146+00:00,2.407477,0.127342,0,0,0,2.407477,2.407477,308.665084,0.000051,89.999934,38.665084,89.999934,38.665084,0.000000,0.000000,0.000000,0.000000,0.000000,0.000000,0.000000,0.000000,0.000000,0.000000,3,5,3,5,100.000000,100.000000,50.000000,0.150000,1.000000,50.000000,0.150000,1.000000,50.000000,100.000000,100.000000,50.000000,100.000000,100.000000,19.670136,16.765580,70.329799,21.899505,70.519177,21.977756,70.329799,Prepointing rise in 2.4 s
2026-03-25T00:21:29.108308+00:00,2.454641,0.174506,0,0,0,2.454641,2.454641,308.665084,0.000051,89.999934,38.665084,89.999934,38.665084,0.000000,0.000000,0.000000,0.000000,0.000000,0.000000,0.000000,0.000000,0.000000,0.000000,3,5,3,5,100.000000,100.000000,50.000000,0.150000,1.000000,50.000000,0.150000,1.000000,50.000000,100.000000,100.000000,50.000000,100.000000,100.000000,19.923594,17.024188,70.076340,21.640897,70.262003,21.717625,70.076340,Prepointing rise in 2.4 s
2026-03-25T00:21:29.133309+00:00,2.479642,0.199507,0,0,0,2.479642,2.479642,308.665084,0.000051,89.999934,38.665084,89.999934,38.665084,0.000000,0.000000,0.000000,0.000000,0.000000,0.000000,0.000000,0.000000,0.000000,0.000000,3,5,3,5,100.000000,100.000000,50.000000,0.150000,1.000000,50.000000,0.150000,1.000000,50.000000,100.000000,100.000000,50.000000,100.000000,100.000000,20.374763,17.471065,69.625171,21.194019,69.808864,21.269939,69.625171,Prepointing rise in 2.3 s
2026-03-25T00:21:29.184005+00:00,2.530335,0.250200,0,0,0,2.530335,2.530335,308.665084,0.000051,89.999934,38.665084,89.999934,38.665084,0.000000,0.000000,0.000000,0.000000,0.000000,0.000000,0.000000,0.000000,0.000000,0.000000,3,5,3,5,100.000000,100.000000,50.000000,0.150000,1.000000,50.000000,0.150000,1.000000,50.000000,100.000000,100.000000,50.000000,100.000000,100.000000,20.608737,17.737398,69.391197,20.927687,69.570895,21.001967,69.391197,Prepointing rise in 2.3 s
2026-03-25T00:21:29.214075+00:00,2.560397,0.280262,0,0,0,2.560397,2.560397,308.665084,0.000051,89.999934,38.665084,89.999934,38.665084,0.000000,0.000000,0.000000,0.000000,0.000000,0.000000,0.000000,0.000000,0.000000,0.000000,3,5,3,5,100.000000,100.000000,50.000000,0.150000,1.000000,50.000000,0.150000,1.000000,50.000000,100.000000,100.000000,50.000000,100.000000,100.000000,20.845158,17.984333,69.154776,20.680752,69.332105,20.754060,69.154776,Prepointing rise in 2.2 s
2026-03-25T00:21:29.264607+00:00,2.610937,0.330802,0,0,0,2.610937,2.610937,308.665084,0.000051,89.999934,38.665084,89.999934,38.665084,0.000000,0.000000,0.000000,0.000000,0.000000,0.000000,0.000000,0.000000,0.000000,0.000000,3,5,3,5,100.000000,100.000000,50.000000,0.150000,1.000000,50.000000,0.150000,1.000000,50.000000,100.000000,100.000000,50.000000,100.000000,100.000000,21.310832,18.441295,68.689102,20.223789,68.862447,20.295463,68.689102,Prepointing rise in 2.2 s
2026-03-25T00:21:29.293656+00:00,2.639979,0.359844,0,0,0,2.639979,2.639979,308.665084,0.000051,89.999934,38.665084,89.999934,38.665084,0.000000,0.000000,0.000000,0.000000,0.000000,0.000000,0.000000,0.000000,0.000000,0.000000,3,5,3,5,100.000000,100.000000,50.000000,0.150000,1.000000,50.000000,0.150000,1.000000,50.000000,100.000000,100.000000,50.000000,100.000000,100.000000,21.567938,18.694582,68.431996,19.970503,68.603052,20.041236,68.431996,Prepointing rise in 2.2 s
2026-03-25T00:21:29.320970+00:00,2.667295,0.387160,0,0,0,2.667295,2.667295,308.665084,0.000051,89.999934,38.665084,89.999934,38.665084,0.000000,0.000000,0.000000,0.000000,0.000000,0.000000,0.000000,0.000000,0.000000,0.000000,3,5,3,5,100.000000,100.000000,50.000000,0.150000,1.000000,50.000000,0.150000,1.000000,50.000000,100.000000,100.000000,50.000000,100.000000,100.000000,21.819036,18.960657,68.180898,19.704428,68.349801,19.774277,68.180898,Prepointing rise in 2.1 s
2026-03-25T00:21:29.349297+00:00,2.695622,0.415487,0,0,0,2.695622,2.695622,308.665084,0.000051,89.999934,38.665084,89.999934,38.665084,0.000000,0.000000,0.000000,0.000000,0.000000,0.000000,0.000000,0.000000,0.000000,0.000000,3,5,3,5,100.000000,100.000000,50.000000,0.150000,1.000000,50.000000,0.150000,1.000000,50.000000,100.000000,100.000000,50.000000,100.000000,100.000000,22.043140,19.199867,67.956795,19.465217,68.123464,19.534149,67.956795,Prepointing rise in 2.1 s
2026-03-25T00:21:29.374906+00:00,2.721227,0.441092,0,0,0,2.721227,2.721227,308.665084,0.000051,89.999934,38.665084,89.999934,38.665084,0.000000,0.000000,0.000000,0.000000,0.000000,0.000000,0.000000,0.000000,0.000000,0.000000,3,5,3,5,100.000000,100.000000,50.000000,0.150000,1.000000,50.000000,0.150000,1.000000,50.000000,100.000000,100.000000,50.000000,100.000000,100.000000,22.278316,19.448947,67.721618,19.216137,67.886270,19.284240,67.721618,Prepointing rise in 2.1 s
2026-03-25T00:21:29.401732+00:00,2.748059,0.467924,0,0,0,2.748059,2.748059,308.665084,0.000051,89.999934,38.665084,89.999934,38.665084,0.000000,0.000000,0.000000,0.000000,0.000000,0.000000,0.000000,0.000000,0.000000,0.000000,3,5,3,5,100.000000,100.000000,50.000000,0.150000,1.000000,50.000000,0.150000,1.000000,50.000000,100.000000,100.000000,50.000000,100.000000,100.000000,22.514908,19.688501,67.485026,18.976583,67.647562,19.043817,67.485026,Prepointing rise in 2.1 s
2026-03-25T00:21:29.429157+00:00,2.775478,0.495343,0,0,0,2.775478,2.775478,308.665084,0.000051,89.999934,38.665084,89.999934,38.665084,0.000000,0.000000,0.000000,0.000000,0.000000,0.000000,0.000000,0.000000,0.000000,0.000000,3,5,3,5,100.000000,100.000000,50.000000,0.150000,1.000000,50.000000,0.150000,1.000000,50.000000,100.000000,100.000000,50.000000,100.000000,100.000000,22.888400,20.096025,67.111534,18.569059,67.271908,18.635404,67.111534,Prepointing rise in 2.0 s
2026-03-25T00:21:29.471332+00:00,2.817655,0.537520,0,0,0,2.817655,2.817655,308.665084,0.000051,89.999934,38.665084,89.999934,38.665084,0.000000,0.000000,0.000000,0.000000,0.000000,0.000000,0.000000,0.000000,0.000000,0.000000,3,5,3,5,100.000000,100.000000,50.000000,0.150000,1.000000,50.000000,0.150000,1.000000,50.000000,100.000000,100.000000,50.000000,100.000000,100.000000,23.157952,20.366349,66.841983,18.298735,66.999031,18.363714,66.841983,Prepointing rise in 2.0 s
2026-03-25T00:21:29.499284+00:00,2.845606,0.565471,0,0,0,2.845606,2.845606,308.665084,0.000051,89.999934,38.665084,89.999934,38.665084,0.000000,0.000000,0.000000,0.000000,0.000000,0.000000,0.000000,0.000000,0.000000,0.000000,3,5,3,5,100.000000,100.000000,50.000000,0.150000,1.000000,50.000000,0.150000,1.000000,50.000000,100.000000,100.000000,50.000000,100.000000,100.000000,23.483379,20.742759,66.516556,17.922325,66.671400,17.986397,66.516556,Prepointing rise in 2.0 s
2026-03-25T00:21:29.540870+00:00,2.887191,0.607056,0,0,0,2.887191,2.887191,308.665084,0.000051,89.999934,38.665084,89.999934,38.665084,0.000000,0.000000,0.000000,0.000000,0.000000,0.000000,0.000000,0.000000,0.000000,0.000000,3,5,3,5,100.000000,100.000000,50.000000,0.150000,1.000000,50.000000,0.150000,1.000000,50.000000,100.000000,100.000000,50.000000,100.000000,100.000000,23.716152,21.009435,66.283783,17.655649,66.435347,17.718372,66.283783,Prepointing rise in 1.9 s
2026-03-25T00:21:29.569134+00:00,2.915454,0.635319,0,0,0,2.915454,2.915454,308.665084,0.000051,89.999934,38.665084,89.999934,38.665084,0.000000,0.000000,0.000000,0.000000,0.000000,0.000000,0.000000,0.000000,0.000000,0.000000,3,5,3,5,100.000000,100.000000,50.000000,0.150000,1.000000,50.000000,0.150000,1.000000,50.000000,100.000000,100.000000,50.000000,100.000000,100.000000,23.958237,21.263322,66.041697,17.401762,66.191033,17.463568,66.041697,Prepointing rise in 1.9 s
2026-03-25T00:21:29.615376+00:00,2.961651,0.681516,0,0,0,2.961651,2.961651,308.665084,0.000051,89.999934,38.665084,89.999934,38.665084,0.000000,0.000000,0.000000,0.000000,0.000000,0.000000,0.000000,0.000000,0.000000,0.000000,3,5,3,5,100.000000,100.000000,50.000000,0.150000,1.000000,50.000000,0.150000,1.000000,50.000000,100.000000,100.000000,50.000000,100.000000,100.000000,24.368636,21.692605,65.631298,16.972480,65.776990,17.032787,65.631298,Prepointing rise in 1.8 s
2026-03-25T00:21:29.642958+00:00,2.989277,0.709142,0,0,0,2.989277,2.989277,308.665084,0.000051,89.999934,38.665084,89.999934,38.665084,0.000000,0.000000,0.000000,0.000000,0.000000,0.000000,0.000000,0.000000,0.000000,0.000000,3,5,3,5,100.000000,100.000000,50.000000,0.150000,1.000000,50.000000,0.150000,1.000000,50.000000,100.000000,100.000000,50.000000,100.000000,100.000000,24.611709,21.938467,65.388225,16.726618,65.531738,16.786028,65.388225,Prepointing rise in 1.8 s
2026-03-25T00:21:29.669378+00:00,3.015692,0.735557,0,0,0,3.015692,3.015692,308.665084,0.000051,89.999934,38.665084,89.999934,38.665084,0.000000,0.000000,0.000000,0.000000,0.000000,0.000000,0.000000,0.000000,0.000000,0.000000,3,5,3,5,100.000000,100.000000,50.000000,0.150000,1.000000,50.000000,0.150000,1.000000,50.000000,100.000000,100.000000,50.000000,100.000000,100.000000,24.838302,22.174973,65.161632,16.490111,65.303061,16.548664,65.161632,Prepointing rise in 1.8 s
2026-03-25T00:21:29.694016+00:00,3.040329,0.000000,0,0,1,3.040329,3.040329,308.665084,0.000051,89.999934,38.665084,89.999934,38.665084,0.000000,0.000000,0.000000,0.000000,0.000000,0.000000,0.000000,0.000000,0.000000,0.000000,3,5,3,5,100.000000,100.000000,50.000000,0.150000,1.000000,50.000000,0.150000,1.000000,50.000000,100.000000,100.000000,50.000000,100.000000,100.000000,25.209648,22.542157,64.790286,16.122928,64.929769,16.180679,64.790286,Prepointing rise in 1.8 s
2026-03-25T00:21:29.734774+00:00,3.081090,0.040761,0,0,0,3.081090,3.081090,308.665084,0.000051,89.999934,38.665084,89.999934,38.665084,0.000000,0.000000,0.000000,0.000000,0.000000,0.000000,0.000000,0.000000,0.000000,0.000000,3,5,3,5,100.000000,100.000000,50.000000,0.150000,1.000000,50.000000,0.150000,1.000000,50.000000,100.000000,100.000000,50.000000,100.000000,100.000000,25.445726,22.797417,64.554209,15.867667,64.690476,15.924095,64.554209,Prepointing rise in 1.7 s
2026-03-25T00:21:29.761811+00:00,3.108125,0.067796,0,0,0,3.108125,3.108125,308.665084,0.000051,89.999934,38.665084,89.999934,38.665084,0.000000,0.000000,0.000000,0.000000,0.000000,0.000000,0.000000,0.000000,0.000000,0.000000,3,5,3,5,100.000000,100.000000,50.000000,0.150000,1.000000,50.000000,0.150000,1.000000,50.000000,100.000000,100.000000,50.000000,100.000000,100.000000,25.664980,23.028731,64.334954,15.636353,64.469089,15.691903,64.334954,Prepointing rise in 1.7 s
2026-03-25T00:21:29.789113+00:00,3.135424,0.095096,0,0,0,3.135424,3.135424,308.665084,0.000051,89.999934,38.665084,89.999934,38.665084,0.000000,0.000000,0.000000,0.000000,0.000000,0.000000,0.000000,0.000000,0.000000,0.000000,3,5,3,5,100.000000,100.000000,50.000000,0.150000,1.000000,50.000000,0.150000,1.000000,50.000000,100.000000,100.000000,50.000000,100.000000,100.000000,25.950839,23.312830,64.049095,15.352254,64.181075,15.406916,64.049095,Prepointing rise in 1.7 s
2026-03-25T00:21:29.818708+00:00,3.165020,0.124691,0,0,0,3.165020,3.165020,308.665084,0.000051,89.999934,38.665084,89.999934,38.665084,0.000000,0.000000,0.000000,0.000000,0.000000,0.000000,0.000000,0.000000,0.000000,0.000000,3,5,3,5,100.000000,100.000000,50.000000,0.150000,1.000000,50.000000,0.150000,1.000000,50.000000,100.000000,100.000000,50.000000,100.000000,100.000000,26.231205,23.579807,63.768729,15.085277,63.898374,15.138977,63.768729,Prepointing rise in 1.6 s
2026-03-25T00:21:29.848431+00:00,3.194702,0.154373,0,0,0,3.194702,3.194702,308.665084,0.000051,89.999934,38.665084,89.999934,38.665084,0.000000,0.000000,0.000000,0.000000,0.000000,0.000000,0.000000,0.000000,0.000000,0.000000,3,5,3,5,100.000000,100.000000,50.000000,0.150000,1.000000,50.000000,0.150000,1.000000,50.000000,100.000000,100.000000,50.000000,100.000000,100.000000,26.469729,23.847770,63.530206,14.817314,63.657508,14.870049,63.530206,Prepointing rise in 1.6 s
2026-03-25T00:21:29.876764+00:00,3.223076,0.182747,0,0,0,3.223076,3.223076,308.665084,0.000051,89.999934,38.665084,89.999934,38.665084,0.000000,0.000000,0.000000,0.000000,0.000000,0.000000,0.000000,0.000000,0.000000,0.000000,3,5,3,5,100.000000,100.000000,50.000000,0.150000,1.000000,50.000000,0.150000,1.000000,50.000000,100.000000,100.000000,50.000000,100.000000,100.000000,26.718037,24.099898,63.281897,14.565186,63.406961,14.616998,63.281897,Prepointing rise in 1.6 s
2026-03-25T00:21:29.906960+00:00,3.253272,0.212943,0,0,0,3.253272,3.253272,308.665084,0.000051,89.999934,38.665084,89.999934,38.665084,0.000000,0.000000,0.000000,0.000000,0.000000,0.000000,0.000000,0.000000,0.000000,0.000000,3,5,3,5,100.000000,100.000000,50.000000,0.150000,1.000000,50.000000,0.150000,1.000000,50.000000,100.000000,100.000000,50.000000,100.000000,100.000000,26.977503,24.341511,63.022431,14.323573,63.145112,14.374402,63.022431,Prepointing rise in 1.6 s
2026-03-25T00:21:29.935159+00:00,3.281470,0.241141,0,0,0,3.281470,3.281470,308.665084,0.000051,89.999934,38.665084,89.999934,38.665084,0.000000,0.000000,0.000000,0.000000,0.000000,0.000000,0.000000,0.000000,0.000000,0.000000,3,5,3,5,100.000000,100.000000,50.000000,0.150000,1.000000,50.000000,0.150000,1.000000,50.000000,100.000000,100.000000,50.000000,100.000000,100.000000,27.242248,24.609174,62.757686,14.055910,62.878141,14.105822,62.757686,Prepointing rise in 1.5 s
2026-03-25T00:21:29.964510+00:00,3.310821,0.270492,0,0,0,3.310821,3.310821,308.665084,0.000051,89.999934,38.665084,89.999934,38.665084,0.000000,0.000000,0.000000,0.000000,0.000000,0.000000,0.000000,0.000000,0.000000,0.000000,3,5,3,5,100.000000,100.000000,50.000000,0.150000,1.000000,50.000000,0.150000,1.000000,50.000000,100.000000,100.000000,50.000000,100.000000,100.000000,27.493517,24.872331,62.506417,13.792753,62.624555,13.841710,62.506417,Prepointing rise in 1.5 s
2026-03-25T00:21:29.993154+00:00,3.339460,0.299132,0,0,0,3.339460,3.339460,308.665084,0.000051,89.999934,38.665084,89.999934,38.665084,0.000000,0.000000,0.000000,0.000000,0.000000,0.000000,0.000000,0.000000,0.000000,0.000000,3,5,3,5,100.000000,100.000000,50.000000,0.150000,1.000000,50.000000,0.150000,1.000000,50.000000,100.000000,100.000000,50.000000,100.000000,100.000000,27.914088,25.315046,62.085847,13.350038,62.201724,13.398062,62.085847,Prepointing rise in 1.5 s
2026-03-25T00:21:30.040229+00:00,3.386537,0.346208,0,0,0,3.386537,3.386537,308.665084,0.000051,89.999934,38.665084,89.999934,38.665084,0.000000,0.000000,0.000000,0.000000,0.000000,0.000000,0.000000,0.000000,0.000000,0.000000,3,5,3,5,100.000000,100.000000,50.000000,0.150000,1.000000,50.000000,0.150000,1.000000,50.000000,100.000000,100.000000,50.000000,100.000000,100.000000,28.154070,25.565071,61.845864,13.100014,61.958025,13.146504,61.845864,Prepointing rise in 1.4 s
2026-03-25T00:21:30.066356+00:00,3.412664,0.372335,0,0,0,3.412664,3.412664,308.665084,0.000051,89.999934,38.665084,89.999934,38.665084,0.000000,0.000000,0.000000,0.000000,0.000000,0.000000,0.000000,0.000000,0.000000,0.000000,3,5,3,5,100.000000,100.000000,50.000000,0.150000,1.000000,50.000000,0.150000,1.000000,50.000000,100.000000,100.000000,50.000000,100.000000,100.000000,28.389504,25.815954,61.610431,12.849131,61.720529,12.894770,61.610431,Prepointing rise in 1.4 s
2026-03-25T00:21:30.094667+00:00,3.440953,0.400624,0,0,0,3.440953,3.440953,308.665084,0.000051,89.999934,38.665084,89.999934,38.665084,0.000000,0.000000,0.000000,0.000000,0.000000,0.000000,0.000000,0.000000,0.000000,0.000000,3,5,3,5,100.000000,100.000000,50.000000,0.150000,1.000000,50.000000,0.150000,1.000000,50.000000,100.000000,100.000000,50.000000,100.000000,100.000000,28.624508,26.063489,61.375426,12.601595,61.483291,12.646313,61.375426,Prepointing rise in 1.4 s
2026-03-25T00:21:30.121582+00:00,3.467880,0.427551,0,0,0,3.467880,3.467880,308.665084,0.000051,89.999934,38.665084,89.999934,38.665084,0.000000,0.000000,0.000000,0.000000,0.000000,0.000000,0.000000,0.000000,0.000000,0.000000,3,5,3,5,100.000000,100.000000,50.000000,0.150000,1.000000,50.000000,0.150000,1.000000,50.000000,100.000000,100.000000,50.000000,100.000000,100.000000,29.045422,26.519079,60.954512,12.146006,61.060251,12.189846,60.954512,Prepointing rise in 1.3 s
2026-03-25T00:21:30.167717+00:00,3.514023,0.473694,0,0,0,3.514023,3.514023,308.665084,0.000051,89.999934,38.665084,89.999934,38.665084,0.000000,0.000000,0.000000,0.000000,0.000000,0.000000,0.000000,0.000000,0.000000,0.000000,3,5,3,5,100.000000,100.000000,50.000000,0.150000,1.000000,50.000000,0.150000,1.000000,50.000000,100.000000,100.000000,50.000000,100.000000,100.000000,29.268882,26.764512,60.731052,11.900573,60.833147,11.942908,60.731052,Prepointing rise in 1.3 s
2026-03-25T00:21:30.193865+00:00,3.540167,0.499838,0,0,0,3.540167,3.540167,308.665084,0.000051,89.999934,38.665084,89.999934,38.665084,0.000000,0.000000,0.000000,0.000000,0.000000,0.000000,0.000000,0.000000,0.000000,0.000000,3,5,3,5,100.000000,100.000000,50.000000,0.150000,1.000000,50.000000,0.150000,1.000000,50.000000,100.000000,100.000000,50.000000,100.000000,100.000000,29.465906,26.990761,60.534028,11.674323,60.634058,11.715806,60.534028,Prepointing rise in 1.3 s
2026-03-25T00:21:30.218789+00:00,3.565093,0.524764,0,0,0,3.565093,3.565093,308.665084,0.000051,89.999934,38.665084,89.999934,38.665084,0.000000,0.000000,0.000000,0.000000,0.000000,0.000000,0.000000,0.000000,0.000000,0.000000,3,5,3,5,100.000000,100.000000,50.000000,0.150000,1.000000,50.000000,0.150000,1.000000,50.000000,100.000000,100.000000,50.000000,100.000000,100.000000,29.896648,27.452359,60.103287,11.212726,60.201348,11.253395,60.103287,Prepointing rise in 1.2 s
2026-03-25T00:21:30.287076+00:00,3.633371,0.593042,0,0,0,3.633371,3.633371,308.665084,0.000051,89.999934,38.665084,89.999934,38.665084,0.000000,0.000000,0.000000,0.000000,0.000000,0.000000,0.000000,0.000000,0.000000,0.000000,3,5,3,5,100.000000,100.000000,50.000000,0.150000,1.000000,50.000000,0.150000,1.000000,50.000000,100.000000,100.000000,50.000000,100.000000,100.000000,30.303399,27.875075,59.696535,10.790009,59.789204,10.828451,59.696535,Prepointing rise in 1.2 s
2026-03-25T00:21:30.317019+00:00,3.663318,0.622989,0,0,0,3.663318,3.663318,308.665084,0.000051,89.999934,38.665084,89.999934,38.665084,0.000000,0.000000,0.000000,0.000000,0.000000,0.000000,0.000000,0.000000,0.000000,0.000000,3,5,3,5,100.000000,100.000000,50.000000,0.150000,1.000000,50.000000,0.150000,1.000000,50.000000,100.000000,100.000000,50.000000,100.000000,100.000000,30.542180,28.124413,59.457754,10.540671,59.548057,10.578135,59.457754,Prepointing rise in 1.1 s
2026-03-25T00:21:30.341907+00:00,3.688209,0.647880,0,0,0,3.688209,3.688209,308.665084,0.000051,89.999934,38.665084,89.999934,38.665084,0.000000,0.000000,0.000000,0.000000,0.000000,0.000000,0.000000,0.000000,0.000000,0.000000,3,5,3,5,100.000000,100.000000,50.000000,0.150000,1.000000,50.000000,0.150000,1.000000,50.000000,100.000000,100.000000,50.000000,100.000000,100.000000,30.766713,28.359117,59.233221,10.305967,59.321558,10.342618,59.233221,Prepointing rise in 1.1 s
2026-03-25T00:21:30.366076+00:00,3.712374,0.672045,0,0,0,3.712374,3.712374,308.665084,0.000051,89.999934,38.665084,89.999934,38.665084,0.000000,0.000000,0.000000,0.000000,0.000000,0.000000,0.000000,0.000000,0.000000,0.000000,3,5,3,5,100.000000,100.000000,50.000000,0.150000,1.000000,50.000000,0.150000,1.000000,50.000000,100.000000,100.000000,50.000000,100.000000,100.000000,30.994294,28.566699,59.005641,10.098386,59.092069,10.134248,59.005641,Prepointing rise in 1.1 s
2026-03-25T00:21:30.389332+00:00,3.735632,0.695303,0,0,0,3.735632,3.735632,308.665084,0.000051,89.999934,38.665084,89.999934,38.665084,0.000000,0.000000,0.000000,0.000000,0.000000,0.000000,0.000000,0.000000,0.000000,0.000000,3,5,3,5,100.000000,100.000000,50.000000,0.150000,1.000000,50.000000,0.150000,1.000000,50.000000,100.000000,100.000000,50.000000,100.000000,100.000000,31.201017,28.797540,58.798918,9.867544,58.883508,9.902646,58.798918,Prepointing rise in 1.1 s
2026-03-25T00:21:30.414177+00:00,3.760476,0.720147,0,0,0,3.760476,3.760476,308.665084,0.000051,89.999934,38.665084,89.999934,38.665084,0.000000,0.000000,0.000000,0.000000,0.000000,0.000000,0.000000,0.000000,0.000000,0.000000,3,5,3,5,100.000000,100.000000,50.000000,0.150000,1.000000,50.000000,0.150000,1.000000,50.000000,100.000000,100.000000,50.000000,100.000000,100.000000,31.421087,29.022159,58.578848,9.642925,58.661475,9.677215,58.578848,Prepointing rise in 1.0 s
2026-03-25T00:21:30.439955+00:00,3.786253,0.745924,0,0,0,3.786253,3.786253,308.665084,0.000051,89.999934,38.665084,89.999934,38.665084,0.000000,0.000000,0.000000,0.000000,0.000000,0.000000,0.000000,0.000000,0.000000,0.000000,3,5,3,5,100.000000,100.000000,50.000000,0.150000,1.000000,50.000000,0.150000,1.000000,50.000000,100.000000,100.000000,50.000000,100.000000,100.000000,31.676390,29.270639,58.323544,9.394445,58.404135,9.427893,58.323544,Prepointing rise in 1.0 s
2026-03-25T00:21:30.466357+00:00,3.812645,0.000000,0,0,1,3.812645,3.812645,308.665084,0.000051,89.999934,38.665084,89.999934,38.665084,0.000000,0.000000,0.000000,0.000000,0.000000,0.000000,0.000000,0.000000,0.000000,0.000000,3,5,3,5,100.000000,100.000000,50.000000,0.150000,1.000000,50.000000,0.150000,1.000000,50.000000,100.000000,100.000000,50.000000,100.000000,100.000000,32.022760,29.615764,57.977175,9.049320,58.055678,9.081904,57.977175,Prepointing rise in 1.0 s
2026-03-25T00:21:30.506086+00:00,3.852380,0.039735,0,0,0,3.852380,3.852380,308.665084,0.000051,89.999934,38.665084,89.999934,38.665084,0.000000,0.000000,0.000000,0.000000,0.000000,0.000000,0.000000,0.000000,0.000000,0.000000,3,5,3,5,100.000000,100.000000,50.000000,0.150000,1.000000,50.000000,0.150000,1.000000,50.000000,100.000000,100.000000,50.000000,100.000000,100.000000,32.229612,29.845533,57.770323,8.819551,57.845686,8.850836,57.770323,Prepointing rise in 1.0 s
2026-03-25T00:21:30.529154+00:00,3.875444,0.062799,0,0,0,3.875444,3.875444,308.665084,0.000051,89.999934,38.665084,89.999934,38.665084,0.000000,0.000000,0.000000,0.000000,0.000000,0.000000,0.000000,0.000000,0.000000,0.000000,3,5,3,5,100.000000,100.000000,50.000000,0.150000,1.000000,50.000000,0.150000,1.000000,50.000000,100.000000,100.000000,50.000000,100.000000,100.000000,32.452214,30.054230,57.547721,8.610854,57.621262,8.641385,57.547721,Prepointing rise in 0.9 s
2026-03-25T00:21:30.556425+00:00,3.902719,0.090073,0,0,0,3.902719,3.902719,308.665084,0.000051,89.999934,38.665084,89.999934,38.665084,0.000000,0.000000,0.000000,0.000000,0.000000,0.000000,0.000000,0.000000,0.000000,0.000000,3,5,3,5,100.000000,100.000000,50.000000,0.150000,1.000000,50.000000,0.150000,1.000000,50.000000,100.000000,100.000000,50.000000,100.000000,100.000000,32.703397,30.303139,57.296537,8.361945,57.367923,8.391583,57.296537,Prepointing rise in 0.9 s
2026-03-25T00:21:30.584557+00:00,3.930849,0.118204,0,0,0,3.930849,3.930849,308.665084,0.000051,89.999934,38.665084,89.999934,38.665084,0.000000,0.000000,0.000000,0.000000,0.000000,0.000000,0.000000,0.000000,0.000000,0.000000,3,5,3,5,100.000000,100.000000,50.000000,0.150000,1.000000,50.000000,0.150000,1.000000,50.000000,100.000000,100.000000,50.000000,100.000000,100.000000,32.959902,30.571060,57.040032,8.094025,57.109194,8.122742,57.040032,Prepointing rise in 0.9 s
2026-03-25T00:21:30.612849+00:00,3.959140,0.146495,0,0,0,3.959140,3.959140,308.665084,0.000051,89.999934,38.665084,89.999934,38.665084,0.000000,0.000000,0.000000,0.000000,0.000000,0.000000,0.000000,0.000000,0.000000,0.000000,3,5,3,5,100.000000,100.000000,50.000000,0.150000,1.000000,50.000000,0.150000,1.000000,50.000000,100.000000,100.000000,50.000000,100.000000,100.000000,33.175466,30.795421,56.824468,7.869663,56.891394,7.897455,56.824468,Prepointing rise in 0.8 s
2026-03-25T00:21:30.635374+00:00,3.981667,0.169021,0,0,0,3.981667,3.981667,308.665084,0.000051,89.999934,38.665084,89.999934,38.665084,0.000000,0.000000,0.000000,0.000000,0.000000,0.000000,0.000000,0.000000,0.000000,0.000000,3,5,3,5,100.000000,100.000000,50.000000,0.150000,1.000000,50.000000,0.150000,1.000000,50.000000,100.000000,100.000000,50.000000,100.000000,100.000000,33.384249,31.017808,56.615685,7.647276,56.680830,7.674330,56.615685,Prepointing rise in 0.8 s
2026-03-25T00:21:30.660885+00:00,4.007173,0.194527,0,0,0,4.007173,4.007173,308.665084,0.000051,89.999934,38.665084,89.999934,38.665084,0.000000,0.000000,0.000000,0.000000,0.000000,0.000000,0.000000,0.000000,0.000000,0.000000,3,5,3,5,100.000000,100.000000,50.000000,0.150000,1.000000,50.000000,0.150000,1.000000,50.000000,100.000000,100.000000,50.000000,100.000000,100.000000,33.595564,31.243200,56.404370,7.421884,56.467499,7.448104,56.404370,Prepointing rise in 0.8 s
2026-03-25T00:21:30.685923+00:00,4.032202,0.219557,0,0,0,4.032202,4.032202,308.665084,0.000051,89.999934,38.665084,89.999934,38.665084,0.000000,0.000000,0.000000,0.000000,0.000000,0.000000,0.000000,0.000000,0.000000,0.000000,3,5,3,5,100.000000,100.000000,50.000000,0.150000,1.000000,50.000000,0.150000,1.000000,50.000000,100.000000,100.000000,50.000000,100.000000,100.000000,33.838508,31.492881,56.161426,7.172203,56.222577,7.197602,56.161426,Prepointing rise in 0.8 s
2026-03-25T00:21:30.711828+00:00,4.058116,0.245471,0,0,0,4.058116,4.058116,308.665084,0.000051,89.999934,38.665084,89.999934,38.665084,0.000000,0.000000,0.000000,0.000000,0.000000,0.000000,0.000000,0.000000,0.000000,0.000000,3,5,3,5,100.000000,100.000000,50.000000,0.150000,1.000000,50.000000,0.150000,1.000000,50.000000,100.000000,100.000000,50.000000,100.000000,100.000000,34.090335,31.772689,55.909599,6.892395,55.968701,6.916945,55.909599,Prepointing rise in 0.7 s
2026-03-25T00:21:30.740844+00:00,4.087131,0.274486,0,0,0,4.087131,4.087131,308.665084,0.000051,89.999934,38.665084,89.999934,38.665084,0.000000,0.000000,0.000000,0.000000,0.000000,0.000000,0.000000,0.000000,0.000000,0.000000,3,5,3,5,100.000000,100.000000,50.000000,0.150000,1.000000,50.000000,0.150000,1.000000,50.000000,100.000000,100.000000,50.000000,100.000000,100.000000,34.315684,31.994733,55.684251,6.670351,55.741058,6.693951,55.684251,Prepointing rise in 0.7 s
2026-03-25T00:21:30.765498+00:00,4.111786,0.299141,0,0,0,4.111786,4.111786,308.665084,0.000051,89.999934,38.665084,89.999934,38.665084,0.000000,0.000000,0.000000,0.000000,0.000000,0.000000,0.000000,0.000000,0.000000,0.000000,3,5,3,5,100.000000,100.000000,50.000000,0.150000,1.000000,50.000000,0.150000,1.000000,50.000000,100.000000,100.000000,50.000000,100.000000,100.000000,34.546010,32.246732,55.453924,6.418352,55.508782,6.441144,55.453924,Prepointing rise in 0.7 s
2026-03-25T00:21:30.790907+00:00,4.137146,0.324500,0,0,0,4.137146,4.137146,308.665084,0.000051,89.999934,38.665084,89.999934,38.665084,0.000000,0.000000,0.000000,0.000000,0.000000,0.000000,0.000000,0.000000,0.000000,0.000000,3,5,3,5,100.000000,100.000000,50.000000,0.150000,1.000000,50.000000,0.150000,1.000000,50.000000,100.000000,100.000000,50.000000,100.000000,100.000000,34.766638,32.480320,55.233296,6.184764,55.286149,6.206724,55.233296,Prepointing rise in 0.7 s
2026-03-25T00:21:30.817025+00:00,4.163312,0.350667,0,0,0,4.163312,4.163312,308.665084,0.000051,89.999934,38.665084,89.999934,38.665084,0.000000,0.000000,0.000000,0.000000,0.000000,0.000000,0.000000,0.000000,0.000000,0.000000,3,5,3,5,100.000000,100.000000,50.000000,0.150000,1.000000,50.000000,0.150000,1.000000,50.000000,100.000000,100.000000,50.000000,100.000000,100.000000,35.009453,32.749013,54.990481,5.916071,55.041265,5.937173,54.990481,Prepointing rise in 0.6 s
2026-03-25T00:21:30.846440+00:00,4.192706,0.380061,0,0,0,4.192706,4.192706,308.665084,0.000051,89.999934,38.665084,89.999934,38.665084,0.000000,0.000000,0.000000,0.000000,0.000000,0.000000,0.000000,0.000000,0.000000,0.000000,3,5,3,5,100.000000,100.000000,50.000000,0.150000,1.000000,50.000000,0.150000,1.000000,50.000000,100.000000,100.000000,50.000000,100.000000,100.000000,35.228107,32.984962,54.771828,5.680122,54.820287,5.700261,54.771828,Prepointing rise in 0.6 s
2026-03-25T00:21:30.873171+00:00,4.219456,0.406811,0,0,0,4.219456,4.219456,308.665084,0.000051,89.999934,38.665084,89.999934,38.665084,0.000000,0.000000,0.000000,0.000000,0.000000,0.000000,0.000000,0.000000,0.000000,0.000000,3,5,3,5,100.000000,100.000000,50.000000,0.150000,1.000000,50.000000,0.150000,1.000000,50.000000,100.000000,100.000000,50.000000,100.000000,100.000000,35.445731,33.232712,54.554204,5.432372,54.600548,5.451633,54.554204,Prepointing rise in 0.6 s
2026-03-25T00:21:30.899139+00:00,4.245423,0.432778,0,0,0,4.245423,4.245423,308.665084,0.000051,89.999934,38.665084,89.999934,38.665084,0.000000,0.000000,0.000000,0.000000,0.000000,0.000000,0.000000,0.000000,0.000000,0.000000,3,5,3,5,100.000000,100.000000,50.000000,0.150000,1.000000,50.000000,0.150000,1.000000,50.000000,100.000000,100.000000,50.000000,100.000000,100.000000,35.671379,33.475270,54.328555,5.189814,54.372845,5.208223,54.328555,Prepointing rise in 0.6 s
2026-03-25T00:21:30.925780+00:00,4.272061,0.459416,0,0,0,4.272061,4.272061,308.665084,0.000051,89.999934,38.665084,89.999934,38.665084,0.000000,0.000000,0.000000,0.000000,0.000000,0.000000,0.000000,0.000000,0.000000,0.000000,3,5,3,5,100.000000,100.000000,50.000000,0.150000,1.000000,50.000000,0.150000,1.000000,50.000000,100.000000,100.000000,50.000000,100.000000,100.000000,35.898917,33.710832,54.101018,4.954252,54.143201,4.971787,54.101018,Prepointing rise in 0.5 s
2026-03-25T00:21:30.952871+00:00,4.299154,0.486508,0,0,0,4.299154,4.299154,308.665084,0.000051,89.999934,38.665084,89.999934,38.665084,0.000000,0.000000,0.000000,0.000000,0.000000,0.000000,0.000000,0.000000,0.000000,0.000000,3,5,3,5,100.000000,100.000000,50.000000,0.150000,1.000000,50.000000,0.150000,1.000000,50.000000,100.000000,100.000000,50.000000,100.000000,100.000000,36.138513,33.963861,53.861421,4.701223,53.901462,4.717869,53.861421,Prepointing rise in 0.5 s
2026-03-25T00:21:30.978418+00:00,4.324702,0.512057,0,0,0,4.324702,4.324702,308.665084,0.000051,89.999934,38.665084,89.999934,38.665084,0.000000,0.000000,0.000000,0.000000,0.000000,0.000000,0.000000,0.000000,0.000000,0.000000,3,5,3,5,100.000000,100.000000,50.000000,0.150000,1.000000,50.000000,0.150000,1.000000,50.000000,100.000000,100.000000,50.000000,100.000000,100.000000,36.373517,34.203200,53.626417,4.461884,53.664436,4.477691,53.626417,Prepointing rise in 0.5 s
2026-03-25T00:21:31.003222+00:00,4.349504,0.536858,0,0,0,4.349504,4.349504,308.665084,0.000051,89.999934,38.665084,89.999934,38.665084,0.000000,0.000000,0.000000,0.000000,0.000000,0.000000,0.000000,0.000000,0.000000,0.000000,3,5,3,5,100.000000,100.000000,50.000000,0.150000,1.000000,50.000000,0.150000,1.000000,50.000000,100.000000,100.000000,50.000000,100.000000,100.000000,36.592858,34.427089,53.407077,4.237995,53.443134,4.252987,53.407077,Prepointing rise in 0.5 s
2026-03-25T00:21:31.029169+00:00,4.375451,0.562805,0,0,0,4.375451,4.375451,308.665084,0.000051,89.999934,38.665084,89.999934,38.665084,0.000000,0.000000,0.000000,0.000000,0.000000,0.000000,0.000000,0.000000,0.000000,0.000000,3,5,3,5,100.000000,100.000000,50.000000,0.150000,1.000000,50.000000,0.150000,1.000000,50.000000,100.000000,100.000000,50.000000,100.000000,100.000000,36.840136,34.675312,53.159798,3.989773,53.193803,4.003912,53.159798,Prepointing rise in 0.4 s
2026-03-25T00:21:31.054489+00:00,4.400770,0.588124,0,0,0,4.400770,4.400770,308.665084,0.000051,89.999934,38.665084,89.999934,38.665084,0.000000,0.000000,0.000000,0.000000,0.000000,0.000000,0.000000,0.000000,0.000000,0.000000,3,5,3,5,100.000000,100.000000,50.000000,0.150000,1.000000,50.000000,0.150000,1.000000,50.000000,100.000000,100.000000,50.000000,100.000000,100.000000,37.081578,34.927225,52.918357,3.737860,52.950358,3.751167,52.918357,Prepointing rise in 0.4 s
2026-03-25T00:21:31.082080+00:00,4.428358,0.615713,0,0,0,4.428358,4.428358,308.665084,0.000051,89.999934,38.665084,89.999934,38.665084,0.000000,0.000000,0.000000,0.000000,0.000000,0.000000,0.000000,0.000000,0.000000,0.000000,3,5,3,5,100.000000,100.000000,50.000000,0.150000,1.000000,50.000000,0.150000,1.000000,50.000000,100.000000,100.000000,50.000000,100.000000,100.000000,37.301175,35.147509,52.698759,3.517575,52.728578,3.529976,52.698759,Prepointing rise in 0.4 s
2026-03-25T00:21:31.107575+00:00,4.453854,0.641209,0,0,0,4.453854,4.453854,308.665084,0.000051,89.999934,38.665084,89.999934,38.665084,0.000000,0.000000,0.000000,0.000000,0.000000,0.000000,0.000000,0.000000,0.000000,0.000000,3,5,3,5,100.000000,100.000000,50.000000,0.150000,1.000000,50.000000,0.150000,1.000000,50.000000,100.000000,100.000000,50.000000,100.000000,100.000000,37.548025,35.391483,52.451910,3.273601,52.479711,3.285165,52.451910,Prepointing rise in 0.4 s
2026-03-25T00:21:31.131849+00:00,4.478127,0.665481,0,0,0,4.478127,4.478127,308.665084,0.000051,89.999934,38.665084,89.999934,38.665084,0.000000,0.000000,0.000000,0.000000,0.000000,0.000000,0.000000,0.000000,0.000000,0.000000,3,5,3,5,100.000000,100.000000,50.000000,0.150000,1.000000,50.000000,0.150000,1.000000,50.000000,100.000000,100.000000,50.000000,100.000000,100.000000,37.814143,35.651335,52.185792,3.013749,52.211673,3.024514,52.185792,Prepointing rise in 0.3 s
2026-03-25T00:21:31.161608+00:00,4.507881,0.695236,0,0,0,4.507881,4.507881,308.665084,0.000051,89.999934,38.665084,89.999934,38.665084,0.000000,0.000000,0.000000,0.000000,0.000000,0.000000,0.000000,0.000000,0.000000,0.000000,3,5,3,5,100.000000,100.000000,50.000000,0.150000,1.000000,50.000000,0.150000,1.000000,50.000000,100.000000,100.000000,50.000000,100.000000,100.000000,38.016102,35.853338,51.983832,2.811746,52.007358,2.821533,51.983832,Prepointing rise in 0.3 s
2026-03-25T00:21:31.187337+00:00,4.533576,0.720930,0,0,0,4.533576,4.533576,308.665084,0.000051,89.999934,38.665084,89.999934,38.665084,0.000000,0.000000,0.000000,0.000000,0.000000,0.000000,0.000000,0.000000,0.000000,0.000000,3,5,3,5,100.000000,100.000000,50.000000,0.150000,1.000000,50.000000,0.150000,1.000000,50.000000,100.000000,100.000000,50.000000,100.000000,100.000000,38.258746,36.101303,51.741189,2.563782,51.762682,2.572723,51.741189,Prepointing rise in 0.3 s
2026-03-25T00:21:31.216546+00:00,4.562822,0.000000,0,0,1,4.562822,4.562822,308.665084,0.000051,89.999934,38.665084,89.999934,38.665084,0.000000,0.000000,0.000000,0.000000,0.000000,0.000000,0.000000,0.000000,0.000000,0.000000,3,5,3,5,100.000000,100.000000,50.000000,0.150000,1.000000,50.000000,0.150000,1.000000,50.000000,100.000000,100.000000,50.000000,100.000000,100.000000,38.845141,36.712288,51.154794,1.952796,51.173971,1.960775,51.154794,Prepointing rise in 0.2 s
2026-03-25T00:21:31.282159+00:00,4.628431,0.065609,0,0,0,4.628431,4.628431,308.665084,0.000051,89.999934,38.665084,89.999934,38.665084,0.000000,0.000000,0.000000,0.000000,0.000000,0.000000,0.000000,0.000000,0.000000,0.000000,3,5,3,5,100.000000,100.000000,50.000000,0.150000,1.000000,50.000000,0.150000,1.000000,50.000000,100.000000,100.000000,50.000000,100.000000,100.000000,39.068086,36.951670,50.931848,1.713414,50.945833,1.719234,50.931848,Prepointing rise in 0.2 s
2026-03-25T00:21:31.306770+00:00,4.653044,0.090223,0,0,0,4.653044,4.653044,308.665084,0.000051,89.999934,38.665084,89.999934,38.665084,0.000000,0.000000,0.000000,0.000000,0.000000,0.000000,0.000000,0.000000,0.000000,0.000000,3,5,3,5,100.000000,100.000000,50.000000,0.150000,1.000000,50.000000,0.150000,1.000000,50.000000,100.000000,100.000000,50.000000,100.000000,100.000000,39.309871,37.203326,50.690063,1.461758,50.702099,1.466768,50.690063,Prepointing rise in 0.2 s
2026-03-25T00:21:31.332641+00:00,4.678914,0.116092,0,0,0,4.678914,4.678914,308.665084,0.000051,89.999934,38.665084,89.999934,38.665084,0.000000,0.000000,0.000000,0.000000,0.000000,0.000000,0.000000,0.000000,0.000000,0.000000,3,5,3,5,100.000000,100.000000,50.000000,0.150000,1.000000,50.000000,0.150000,1.000000,50.000000,100.000000,100.000000,50.000000,100.000000,100.000000,39.547622,37.470474,50.452312,1.194610,50.462300,1.198768,50.452312,Prepointing rise in 0.1 s
2026-03-25T00:21:31.360149+00:00,4.706420,0.143598,0,0,0,4.706420,4.706420,308.665084,0.000051,89.999934,38.665084,89.999934,38.665084,0.000000,0.000000,0.000000,0.000000,0.000000,0.000000,0.000000,0.000000,0.000000,0.000000,3,5,3,5,100.000000,100.000000,50.000000,0.150000,1.000000,50.000000,0.150000,1.000000,50.000000,100.000000,100.000000,50.000000,100.000000,100.000000,39.784987,37.708268,50.214948,0.956817,50.222758,0.960068,50.214948,Prepointing rise in 0.1 s
2026-03-25T00:21:31.395191+00:00,4.741458,0.178636,0,0,0,4.741458,4.741458,308.665084,0.000051,89.999934,38.665084,89.999934,38.665084,0.000000,0.000000,0.000000,0.000000,0.000000,0.000000,0.000000,0.000000,0.000000,0.000000,3,5,3,5,100.000000,100.000000,50.000000,0.150000,1.000000,50.000000,0.150000,1.000000,50.000000,100.000000,100.000000,50.000000,100.000000,100.000000,40.120370,38.062620,49.879564,0.602465,49.884601,0.604561,49.879564,Prepointing rise in 0.1 s
2026-03-25T00:21:31.424462+00:00,4.770729,0.207908,0,0,0,4.770729,4.770729,308.665084,0.000051,89.999934,38.665084,89.999934,38.665084,0.000000,0.000000,0.000000,0.000000,0.000000,0.000000,0.000000,0.000000,0.000000,0.000000,3,5,3,5,100.000000,100.000000,50.000000,0.150000,1.000000,50.000000,0.150000,1.000000,50.000000,100.000000,100.000000,50.000000,100.000000,100.000000,40.351984,38.307580,49.647950,0.357504,49.650669,0.358636,49.647950,Prepointing rise in 0.0 s
2026-03-25T00:21:31.451500+00:00,4.797763,0.234941,0,0,0,4.797763,4.797763,308.665084,0.000051,89.999934,38.665084,89.999934,38.665084,0.000000,0.000000,0.000000,0.000000,0.000000,0.000000,0.000000,0.000000,0.000000,0.000000,3,5,3,5,100.000000,100.000000,50.000000,0.150000,1.000000,50.000000,0.150000,1.000000,50.000000,100.000000,100.000000,50.000000,100.000000,100.000000,40.568106,38.465809,49.431828,0.199275,49.432407,0.199516,49.431828,Prepointing rise in 0.0 s
